{"stats":{"minecraft:dropped":{"minecraft:dirt":57,"minecraft:snowball":183,"minecraft:stick":3},"minecraft:killed_by":{"minecraft:creeper":1},"minecraft:picked_up":{"minecraft:crafting_table":3,"minecraft:smithing_table":1,"minecraft:white_bed":1,"minecraft:spruce_log":9,"minecraft:dirt":59,"minecraft:snowball":216},"minecraft:custom":{"minecraft:time_since_rest":11107,"minecraft:interact_with_smithing_table":1,"minecraft:sprint_one_cm":50277,"minecraft:damage_taken":1625,"minecraft:walk_one_cm":22848,"minecraft:mob_kills":1,"minecraft:drop":105,"minecraft:damage_dealt":190,"minecraft:fly_one_cm":112996,"minecraft:swim_one_cm":7549,"minecraft:interact_with_crafting_table":3,"minecraft:talked_to_villager":4,"minecraft:open_chest":5,"minecraft:crouch_one_cm":750,"minecraft:play_time":18042,"minecraft:deaths":4,"minecraft:sneak_time":815,"minecraft:bell_ring":1,"minecraft:walk_under_water_one_cm":919,"minecraft:boat_one_cm":39330,"minecraft:jump":389,"minecraft:leave_game":3,"minecraft:walk_on_water_one_cm":447,"minecraft:time_since_death":10762,"minecraft:total_world_time":18042,"minecraft:fall_one_cm":10996},"minecraft:used":{"minecraft:spruce_boat":1,"minecraft:leather_leggings":1,"minecraft:bread":1,"minecraft:iron_helmet":1,"minecraft:dirt":2,"minecraft:crafting_table":3,"minecraft:snowball":33},"minecraft:mined":{"minecraft:smithing_table":1,"minecraft:white_bed":1,"minecraft:ice":5,"minecraft:spruce_log":9,"minecraft:crafting_table":3,"minecraft:grass_block":1,"minecraft:dirt":1,"minecraft:packed_ice":1,"minecraft:spruce_leaves":3},"minecraft:crafted":{"minecraft:crafting_table":1,"minecraft:spruce_planks":36,"minecraft:stick":40,"minecraft:spruce_boat":1}},"DataVersion":3465}