{"stats":{"minecraft:custom":{"minecraft:time_since_rest":1173,"minecraft:deaths":1,"minecraft:sprint_one_cm":28006,"minecraft:play_time":11664,"minecraft:damage_taken":430,"minecraft:walk_one_cm":9694,"minecraft:mob_kills":4,"minecraft:jump":100,"minecraft:damage_dealt":340,"minecraft:leave_game":2,"minecraft:time_since_death":1145,"minecraft:total_world_time":11664,"minecraft:fall_one_cm":3053,"minecraft:fly_one_cm":16525},"minecraft:mined":{"minecraft:grass":99,"minecraft:grass_block":4},"minecraft:killed":{"minecraft:spider":1,"minecraft:pig":1,"minecraft:chicken":2},"minecraft:used":{"minecraft:chicken":2,"minecraft:porkchop":2},"minecraft:killed_by":{"minecraft:spider":1},"minecraft:picked_up":{"minecraft:feather":6,"minecraft:chicken":2,"minecraft:wheat_seeds":15,"minecraft:porkchop":2,"minecraft:dirt":8}},"DataVersion":3465}