{"stats":{"minecraft:custom":{"minecraft:jump":80,"minecraft:time_since_rest":10826,"minecraft:interact_with_furnace":1,"minecraft:damage_dealt":55,"minecraft:damage_taken":280,"minecraft:leave_game":5,"minecraft:time_since_death":10788,"minecraft:play_time":19004,"minecraft:sprint_one_cm":17850,"minecraft:walk_one_cm":13718,"minecraft:walk_on_water_one_cm":157,"minecraft:deaths":1,"minecraft:sneak_time":200,"minecraft:total_world_time":19004,"minecraft:fly_one_cm":136457,"minecraft:drop":5},"minecraft:killed_by":{"minecraft:creeper":1},"minecraft:dropped":{"minecraft:snowball":5},"minecraft:picked_up":{"minecraft:sugar_cane":3,"minecraft:snowball":5}},"DataVersion":3465}