{"stats":{"minecraft:dropped":{"minecraft:snowball":5},"minecraft:killed_by":{"minecraft:creeper":1},"minecraft:picked_up":{"minecraft:sugar_cane":3,"minecraft:snowball":5},"minecraft:custom":{"minecraft:jump":84,"minecraft:time_since_rest":12180,"minecraft:damage_dealt":55,"minecraft:damage_taken":280,"minecraft:leave_game":6,"minecraft:play_time":20358,"minecraft:time_since_death":12142,"minecraft:interact_with_furnace":1,"minecraft:sprint_one_cm":18946,"minecraft:walk_one_cm":14251,"minecraft:walk_on_water_one_cm":157,"minecraft:deaths":1,"minecraft:sneak_time":200,"minecraft:total_world_time":20358,"minecraft:fly_one_cm":165519,"minecraft:drop":5}},"DataVersion":3465}